"stratum","value","week","year"
"Baden.WÃ.rttemberg",604,1,2025
"Baden.WÃ.rttemberg",1169,2,2025
"Baden.WÃ.rttemberg",1707,3,2025
"Baden.WÃ.rttemberg",2784,4,2025
"Baden.WÃ.rttemberg",4233,5,2025
"Baden.WÃ.rttemberg",4448,6,2025
"Baden.WÃ.rttemberg",4442,7,2025
"Baden.WÃ.rttemberg",3813,8,2025
"Baden.WÃ.rttemberg",3290,9,2025
"Baden.WÃ.rttemberg",2165,10,2025
"Baden.WÃ.rttemberg",1731,11,2025
"Baden.WÃ.rttemberg",963,12,2025
"Baden.WÃ.rttemberg",739,13,2025
"Baden.WÃ.rttemberg",421,14,2025
"Baden.WÃ.rttemberg",272,15,2025
"Baden.WÃ.rttemberg",140,16,2025
"Baden.WÃ.rttemberg",76,17,2025
"Baden.WÃ.rttemberg",55,18,2025
"Baden.WÃ.rttemberg",40,19,2025
"Baden.WÃ.rttemberg",35,20,2025
"Baden.WÃ.rttemberg",36,21,2025
"Baden.WÃ.rttemberg",17,22,2025
"Baden.WÃ.rttemberg",21,23,2025
"Baden.WÃ.rttemberg",17,24,2025
"Baden.WÃ.rttemberg",11,25,2025
"Baden.WÃ.rttemberg",16,26,2025
"Baden.WÃ.rttemberg",11,27,2025
"Baden.WÃ.rttemberg",11,28,2025
"Baden.WÃ.rttemberg",7,29,2025
"Baden.WÃ.rttemberg",13,30,2025
"Baden.WÃ.rttemberg",5,31,2025
"Baden.WÃ.rttemberg",15,32,2025
"Baden.WÃ.rttemberg",8,33,2025
"Baden.WÃ.rttemberg",11,34,2025
"Baden.WÃ.rttemberg",13,35,2025
"Baden.WÃ.rttemberg",4,36,2025
"Baden.WÃ.rttemberg",5,37,2025
"Bayern",1103,1,2025
"Bayern",2190,2,2025
"Bayern",3412,3,2025
"Bayern",6384,4,2025
"Bayern",9532,5,2025
"Bayern",10259,6,2025
"Bayern",9756,7,2025
"Bayern",8117,8,2025
"Bayern",6987,9,2025
"Bayern",4235,10,2025
"Bayern",3844,11,2025
"Bayern",2071,12,2025
"Bayern",1545,13,2025
"Bayern",804,14,2025
"Bayern",487,15,2025
"Bayern",296,16,2025
"Bayern",196,17,2025
"Bayern",70,18,2025
"Bayern",147,19,2025
"Bayern",47,20,2025
"Bayern",50,21,2025
"Bayern",31,22,2025
"Bayern",70,23,2025
"Bayern",19,24,2025
"Bayern",17,25,2025
"Bayern",22,26,2025
"Bayern",23,27,2025
"Bayern",13,28,2025
"Bayern",15,29,2025
"Bayern",14,30,2025
"Bayern",14,31,2025
"Bayern",10,32,2025
"Bayern",9,33,2025
"Bayern",15,34,2025
"Bayern",13,35,2025
"Bayern",14,36,2025
"Bayern",7,37,2025
"Berlin",320,1,2025
"Berlin",855,2,2025
"Berlin",1232,3,2025
"Berlin",1838,4,2025
"Berlin",2066,5,2025
"Berlin",1413,6,2025
"Berlin",1234,7,2025
"Berlin",1306,8,2025
"Berlin",1473,9,2025
"Berlin",1036,10,2025
"Berlin",833,11,2025
"Berlin",567,12,2025
"Berlin",449,13,2025
"Berlin",250,14,2025
"Berlin",158,15,2025
"Berlin",129,16,2025
"Berlin",69,17,2025
"Berlin",27,18,2025
"Berlin",15,19,2025
"Berlin",30,20,2025
"Berlin",18,21,2025
"Berlin",18,22,2025
"Berlin",12,23,2025
"Berlin",11,24,2025
"Berlin",9,25,2025
"Berlin",7,26,2025
"Berlin",9,27,2025
"Berlin",2,28,2025
"Berlin",8,29,2025
"Berlin",2,30,2025
"Berlin",5,31,2025
"Berlin",4,32,2025
"Berlin",8,33,2025
"Berlin",1,34,2025
"Berlin",5,35,2025
"Berlin",2,36,2025
"Berlin",2,37,2025
"Brandenburg",170,1,2025
"Brandenburg",497,2,2025
"Brandenburg",902,3,2025
"Brandenburg",1598,4,2025
"Brandenburg",2542,5,2025
"Brandenburg",1804,6,2025
"Brandenburg",1765,7,2025
"Brandenburg",1895,8,2025
"Brandenburg",2152,9,2025
"Brandenburg",1651,10,2025
"Brandenburg",1192,11,2025
"Brandenburg",709,12,2025
"Brandenburg",546,13,2025
"Brandenburg",263,14,2025
"Brandenburg",147,15,2025
"Brandenburg",126,16,2025
"Brandenburg",32,17,2025
"Brandenburg",20,18,2025
"Brandenburg",13,19,2025
"Brandenburg",22,20,2025
"Brandenburg",20,21,2025
"Brandenburg",18,22,2025
"Brandenburg",17,23,2025
"Brandenburg",4,24,2025
"Brandenburg",8,25,2025
"Brandenburg",6,26,2025
"Brandenburg",2,27,2025
"Brandenburg",7,28,2025
"Brandenburg",2,29,2025
"Brandenburg",1,30,2025
"Brandenburg",4,31,2025
"Brandenburg",1,32,2025
"Brandenburg",5,33,2025
"Brandenburg",3,34,2025
"Brandenburg",1,35,2025
"Brandenburg",5,36,2025
"Brandenburg",3,37,2025
"Bremen",18,1,2025
"Bremen",25,2,2025
"Bremen",36,3,2025
"Bremen",87,4,2025
"Bremen",166,5,2025
"Bremen",133,6,2025
"Bremen",141,7,2025
"Bremen",149,8,2025
"Bremen",182,9,2025
"Bremen",94,10,2025
"Bremen",53,11,2025
"Bremen",38,12,2025
"Bremen",22,13,2025
"Bremen",21,14,2025
"Bremen",1,15,2025
"Bremen",14,16,2025
"Bremen",4,17,2025
"Bremen",1,18,2025
"Bremen",NA,19,2025
"Bremen",NA,20,2025
"Bremen",NA,21,2025
"Bremen",1,22,2025
"Bremen",NA,23,2025
"Bremen",1,24,2025
"Bremen",NA,25,2025
"Bremen",NA,26,2025
"Bremen",1,27,2025
"Bremen",NA,28,2025
"Bremen",NA,29,2025
"Bremen",NA,30,2025
"Bremen",NA,31,2025
"Bremen",NA,32,2025
"Bremen",1,33,2025
"Bremen",1,34,2025
"Bremen",NA,35,2025
"Bremen",NA,36,2025
"Bremen",NA,37,2025
"Hamburg",178,1,2025
"Hamburg",317,2,2025
"Hamburg",487,3,2025
"Hamburg",762,4,2025
"Hamburg",1087,5,2025
"Hamburg",966,6,2025
"Hamburg",1046,7,2025
"Hamburg",1223,8,2025
"Hamburg",1253,9,2025
"Hamburg",840,10,2025
"Hamburg",524,11,2025
"Hamburg",300,12,2025
"Hamburg",237,13,2025
"Hamburg",148,14,2025
"Hamburg",103,15,2025
"Hamburg",83,16,2025
"Hamburg",42,17,2025
"Hamburg",25,18,2025
"Hamburg",29,19,2025
"Hamburg",37,20,2025
"Hamburg",29,21,2025
"Hamburg",15,22,2025
"Hamburg",48,23,2025
"Hamburg",23,24,2025
"Hamburg",24,25,2025
"Hamburg",24,26,2025
"Hamburg",25,27,2025
"Hamburg",4,28,2025
"Hamburg",3,29,2025
"Hamburg",5,30,2025
"Hamburg",6,31,2025
"Hamburg",6,32,2025
"Hamburg",3,33,2025
"Hamburg",9,34,2025
"Hamburg",12,35,2025
"Hamburg",7,36,2025
"Hamburg",3,37,2025
"Hessen",403,1,2025
"Hessen",723,2,2025
"Hessen",935,3,2025
"Hessen",1908,4,2025
"Hessen",2734,5,2025
"Hessen",2406,6,2025
"Hessen",2577,7,2025
"Hessen",2484,8,2025
"Hessen",2229,9,2025
"Hessen",1413,10,2025
"Hessen",1148,11,2025
"Hessen",672,12,2025
"Hessen",417,13,2025
"Hessen",258,14,2025
"Hessen",160,15,2025
"Hessen",103,16,2025
"Hessen",63,17,2025
"Hessen",32,18,2025
"Hessen",17,19,2025
"Hessen",12,20,2025
"Hessen",15,21,2025
"Hessen",19,22,2025
"Hessen",7,23,2025
"Hessen",9,24,2025
"Hessen",5,25,2025
"Hessen",6,26,2025
"Hessen",6,27,2025
"Hessen",4,28,2025
"Hessen",8,29,2025
"Hessen",2,30,2025
"Hessen",5,31,2025
"Hessen",4,32,2025
"Hessen",3,33,2025
"Hessen",12,34,2025
"Hessen",18,35,2025
"Hessen",7,36,2025
"Hessen",4,37,2025
"Mecklenburg.Vorpommern",106,1,2025
"Mecklenburg.Vorpommern",279,2,2025
"Mecklenburg.Vorpommern",556,3,2025
"Mecklenburg.Vorpommern",1021,4,2025
"Mecklenburg.Vorpommern",1588,5,2025
"Mecklenburg.Vorpommern",1131,6,2025
"Mecklenburg.Vorpommern",1005,7,2025
"Mecklenburg.Vorpommern",1460,8,2025
"Mecklenburg.Vorpommern",1611,9,2025
"Mecklenburg.Vorpommern",1373,10,2025
"Mecklenburg.Vorpommern",998,11,2025
"Mecklenburg.Vorpommern",721,12,2025
"Mecklenburg.Vorpommern",577,13,2025
"Mecklenburg.Vorpommern",412,14,2025
"Mecklenburg.Vorpommern",226,15,2025
"Mecklenburg.Vorpommern",92,16,2025
"Mecklenburg.Vorpommern",35,17,2025
"Mecklenburg.Vorpommern",12,18,2025
"Mecklenburg.Vorpommern",14,19,2025
"Mecklenburg.Vorpommern",8,20,2025
"Mecklenburg.Vorpommern",16,21,2025
"Mecklenburg.Vorpommern",12,22,2025
"Mecklenburg.Vorpommern",8,23,2025
"Mecklenburg.Vorpommern",3,24,2025
"Mecklenburg.Vorpommern",1,25,2025
"Mecklenburg.Vorpommern",5,26,2025
"Mecklenburg.Vorpommern",2,27,2025
"Mecklenburg.Vorpommern",NA,28,2025
"Mecklenburg.Vorpommern",NA,29,2025
"Mecklenburg.Vorpommern",NA,30,2025
"Mecklenburg.Vorpommern",NA,31,2025
"Mecklenburg.Vorpommern",1,32,2025
"Mecklenburg.Vorpommern",2,33,2025
"Mecklenburg.Vorpommern",3,34,2025
"Mecklenburg.Vorpommern",2,35,2025
"Mecklenburg.Vorpommern",3,36,2025
"Mecklenburg.Vorpommern",2,37,2025
"Niedersachsen",262,1,2025
"Niedersachsen",667,2,2025
"Niedersachsen",1116,3,2025
"Niedersachsen",2166,4,2025
"Niedersachsen",3409,5,2025
"Niedersachsen",3226,6,2025
"Niedersachsen",3436,7,2025
"Niedersachsen",3633,8,2025
"Niedersachsen",3841,9,2025
"Niedersachsen",2360,10,2025
"Niedersachsen",1534,11,2025
"Niedersachsen",914,12,2025
"Niedersachsen",784,13,2025
"Niedersachsen",513,14,2025
"Niedersachsen",264,15,2025
"Niedersachsen",119,16,2025
"Niedersachsen",61,17,2025
"Niedersachsen",27,18,2025
"Niedersachsen",18,19,2025
"Niedersachsen",19,20,2025
"Niedersachsen",16,21,2025
"Niedersachsen",11,22,2025
"Niedersachsen",12,23,2025
"Niedersachsen",4,24,2025
"Niedersachsen",6,25,2025
"Niedersachsen",9,26,2025
"Niedersachsen",8,27,2025
"Niedersachsen",1,28,2025
"Niedersachsen",7,29,2025
"Niedersachsen",7,30,2025
"Niedersachsen",3,31,2025
"Niedersachsen",6,32,2025
"Niedersachsen",14,33,2025
"Niedersachsen",4,34,2025
"Niedersachsen",5,35,2025
"Niedersachsen",6,36,2025
"Niedersachsen",3,37,2025
"Nordrhein.Westfalen",982,1,2025
"Nordrhein.Westfalen",2007,2,2025
"Nordrhein.Westfalen",2861,3,2025
"Nordrhein.Westfalen",5879,4,2025
"Nordrhein.Westfalen",9285,5,2025
"Nordrhein.Westfalen",8247,6,2025
"Nordrhein.Westfalen",8012,7,2025
"Nordrhein.Westfalen",7591,8,2025
"Nordrhein.Westfalen",6553,9,2025
"Nordrhein.Westfalen",3627,10,2025
"Nordrhein.Westfalen",3064,11,2025
"Nordrhein.Westfalen",2095,12,2025
"Nordrhein.Westfalen",1332,13,2025
"Nordrhein.Westfalen",771,14,2025
"Nordrhein.Westfalen",564,15,2025
"Nordrhein.Westfalen",286,16,2025
"Nordrhein.Westfalen",139,17,2025
"Nordrhein.Westfalen",66,18,2025
"Nordrhein.Westfalen",53,19,2025
"Nordrhein.Westfalen",34,20,2025
"Nordrhein.Westfalen",39,21,2025
"Nordrhein.Westfalen",43,22,2025
"Nordrhein.Westfalen",35,23,2025
"Nordrhein.Westfalen",25,24,2025
"Nordrhein.Westfalen",22,25,2025
"Nordrhein.Westfalen",10,26,2025
"Nordrhein.Westfalen",18,27,2025
"Nordrhein.Westfalen",10,28,2025
"Nordrhein.Westfalen",19,29,2025
"Nordrhein.Westfalen",18,30,2025
"Nordrhein.Westfalen",12,31,2025
"Nordrhein.Westfalen",15,32,2025
"Nordrhein.Westfalen",15,33,2025
"Nordrhein.Westfalen",13,34,2025
"Nordrhein.Westfalen",17,35,2025
"Nordrhein.Westfalen",19,36,2025
"Nordrhein.Westfalen",4,37,2025
"Rheinland.Pfalz",208,1,2025
"Rheinland.Pfalz",506,2,2025
"Rheinland.Pfalz",647,3,2025
"Rheinland.Pfalz",1319,4,2025
"Rheinland.Pfalz",2005,5,2025
"Rheinland.Pfalz",2016,6,2025
"Rheinland.Pfalz",2249,7,2025
"Rheinland.Pfalz",2036,8,2025
"Rheinland.Pfalz",2031,9,2025
"Rheinland.Pfalz",1047,10,2025
"Rheinland.Pfalz",1099,11,2025
"Rheinland.Pfalz",559,12,2025
"Rheinland.Pfalz",399,13,2025
"Rheinland.Pfalz",245,14,2025
"Rheinland.Pfalz",164,15,2025
"Rheinland.Pfalz",103,16,2025
"Rheinland.Pfalz",49,17,2025
"Rheinland.Pfalz",27,18,2025
"Rheinland.Pfalz",13,19,2025
"Rheinland.Pfalz",15,20,2025
"Rheinland.Pfalz",21,21,2025
"Rheinland.Pfalz",12,22,2025
"Rheinland.Pfalz",7,23,2025
"Rheinland.Pfalz",3,24,2025
"Rheinland.Pfalz",5,25,2025
"Rheinland.Pfalz",4,26,2025
"Rheinland.Pfalz",4,27,2025
"Rheinland.Pfalz",3,28,2025
"Rheinland.Pfalz",3,29,2025
"Rheinland.Pfalz",6,30,2025
"Rheinland.Pfalz",4,31,2025
"Rheinland.Pfalz",6,32,2025
"Rheinland.Pfalz",3,33,2025
"Rheinland.Pfalz",7,34,2025
"Rheinland.Pfalz",4,35,2025
"Rheinland.Pfalz",3,36,2025
"Rheinland.Pfalz",4,37,2025
"Saarland",69,1,2025
"Saarland",121,2,2025
"Saarland",141,3,2025
"Saarland",216,4,2025
"Saarland",303,5,2025
"Saarland",426,6,2025
"Saarland",419,7,2025
"Saarland",446,8,2025
"Saarland",324,9,2025
"Saarland",203,10,2025
"Saarland",192,11,2025
"Saarland",112,12,2025
"Saarland",97,13,2025
"Saarland",52,14,2025
"Saarland",22,15,2025
"Saarland",21,16,2025
"Saarland",11,17,2025
"Saarland",5,18,2025
"Saarland",7,19,2025
"Saarland",4,20,2025
"Saarland",3,21,2025
"Saarland",3,22,2025
"Saarland",3,23,2025
"Saarland",1,24,2025
"Saarland",NA,25,2025
"Saarland",NA,26,2025
"Saarland",2,27,2025
"Saarland",NA,28,2025
"Saarland",1,29,2025
"Saarland",1,30,2025
"Saarland",1,31,2025
"Saarland",1,32,2025
"Saarland",2,33,2025
"Saarland",NA,34,2025
"Saarland",NA,35,2025
"Saarland",NA,36,2025
"Saarland",NA,37,2025
"Sachsen",304,1,2025
"Sachsen",1277,2,2025
"Sachsen",1804,3,2025
"Sachsen",3429,4,2025
"Sachsen",5776,5,2025
"Sachsen",5999,6,2025
"Sachsen",6373,7,2025
"Sachsen",4640,8,2025
"Sachsen",4132,9,2025
"Sachsen",2848,10,2025
"Sachsen",2337,11,2025
"Sachsen",1519,12,2025
"Sachsen",1084,13,2025
"Sachsen",629,14,2025
"Sachsen",382,15,2025
"Sachsen",224,16,2025
"Sachsen",73,17,2025
"Sachsen",33,18,2025
"Sachsen",35,19,2025
"Sachsen",26,20,2025
"Sachsen",38,21,2025
"Sachsen",27,22,2025
"Sachsen",37,23,2025
"Sachsen",16,24,2025
"Sachsen",15,25,2025
"Sachsen",8,26,2025
"Sachsen",15,27,2025
"Sachsen",6,28,2025
"Sachsen",8,29,2025
"Sachsen",8,30,2025
"Sachsen",13,31,2025
"Sachsen",7,32,2025
"Sachsen",4,33,2025
"Sachsen",3,34,2025
"Sachsen",7,35,2025
"Sachsen",14,36,2025
"Sachsen",2,37,2025
"Sachsen.Anhalt",156,1,2025
"Sachsen.Anhalt",436,2,2025
"Sachsen.Anhalt",932,3,2025
"Sachsen.Anhalt",2070,4,2025
"Sachsen.Anhalt",2480,5,2025
"Sachsen.Anhalt",2724,6,2025
"Sachsen.Anhalt",3097,7,2025
"Sachsen.Anhalt",3838,8,2025
"Sachsen.Anhalt",3640,9,2025
"Sachsen.Anhalt",2427,10,2025
"Sachsen.Anhalt",1980,11,2025
"Sachsen.Anhalt",857,12,2025
"Sachsen.Anhalt",606,13,2025
"Sachsen.Anhalt",323,14,2025
"Sachsen.Anhalt",185,15,2025
"Sachsen.Anhalt",81,16,2025
"Sachsen.Anhalt",40,17,2025
"Sachsen.Anhalt",20,18,2025
"Sachsen.Anhalt",11,19,2025
"Sachsen.Anhalt",14,20,2025
"Sachsen.Anhalt",7,21,2025
"Sachsen.Anhalt",21,22,2025
"Sachsen.Anhalt",19,23,2025
"Sachsen.Anhalt",13,24,2025
"Sachsen.Anhalt",7,25,2025
"Sachsen.Anhalt",6,26,2025
"Sachsen.Anhalt",3,27,2025
"Sachsen.Anhalt",4,28,2025
"Sachsen.Anhalt",4,29,2025
"Sachsen.Anhalt",1,30,2025
"Sachsen.Anhalt",1,31,2025
"Sachsen.Anhalt",4,32,2025
"Sachsen.Anhalt",3,33,2025
"Sachsen.Anhalt",1,34,2025
"Sachsen.Anhalt",1,35,2025
"Sachsen.Anhalt",5,36,2025
"Sachsen.Anhalt",1,37,2025
"Schleswig.Holstein",219,1,2025
"Schleswig.Holstein",286,2,2025
"Schleswig.Holstein",431,3,2025
"Schleswig.Holstein",719,4,2025
"Schleswig.Holstein",1206,5,2025
"Schleswig.Holstein",1065,6,2025
"Schleswig.Holstein",1098,7,2025
"Schleswig.Holstein",1200,8,2025
"Schleswig.Holstein",1484,9,2025
"Schleswig.Holstein",1003,10,2025
"Schleswig.Holstein",682,11,2025
"Schleswig.Holstein",423,12,2025
"Schleswig.Holstein",323,13,2025
"Schleswig.Holstein",200,14,2025
"Schleswig.Holstein",117,15,2025
"Schleswig.Holstein",50,16,2025
"Schleswig.Holstein",41,17,2025
"Schleswig.Holstein",19,18,2025
"Schleswig.Holstein",8,19,2025
"Schleswig.Holstein",10,20,2025
"Schleswig.Holstein",9,21,2025
"Schleswig.Holstein",5,22,2025
"Schleswig.Holstein",5,23,2025
"Schleswig.Holstein",1,24,2025
"Schleswig.Holstein",5,25,2025
"Schleswig.Holstein",4,26,2025
"Schleswig.Holstein",5,27,2025
"Schleswig.Holstein",4,28,2025
"Schleswig.Holstein",2,29,2025
"Schleswig.Holstein",4,30,2025
"Schleswig.Holstein",3,31,2025
"Schleswig.Holstein",NA,32,2025
"Schleswig.Holstein",3,33,2025
"Schleswig.Holstein",4,34,2025
"Schleswig.Holstein",NA,35,2025
"Schleswig.Holstein",3,36,2025
"Schleswig.Holstein",2,37,2025
"ThÃ.ringen",139,1,2025
"ThÃ.ringen",489,2,2025
"ThÃ.ringen",872,3,2025
"ThÃ.ringen",1893,4,2025
"ThÃ.ringen",2811,5,2025
"ThÃ.ringen",1647,6,2025
"ThÃ.ringen",2034,7,2025
"ThÃ.ringen",1880,8,2025
"ThÃ.ringen",1996,9,2025
"ThÃ.ringen",1295,10,2025
"ThÃ.ringen",1108,11,2025
"ThÃ.ringen",624,12,2025
"ThÃ.ringen",441,13,2025
"ThÃ.ringen",204,14,2025
"ThÃ.ringen",149,15,2025
"ThÃ.ringen",73,16,2025
"ThÃ.ringen",46,17,2025
"ThÃ.ringen",13,18,2025
"ThÃ.ringen",5,19,2025
"ThÃ.ringen",3,20,2025
"ThÃ.ringen",6,21,2025
"ThÃ.ringen",6,22,2025
"ThÃ.ringen",5,23,2025
"ThÃ.ringen",NA,24,2025
"ThÃ.ringen",6,25,2025
"ThÃ.ringen",2,26,2025
"ThÃ.ringen",11,27,2025
"ThÃ.ringen",2,28,2025
"ThÃ.ringen",1,29,2025
"ThÃ.ringen",4,30,2025
"ThÃ.ringen",3,31,2025
"ThÃ.ringen",5,32,2025
"ThÃ.ringen",2,33,2025
"ThÃ.ringen",1,34,2025
"ThÃ.ringen",1,35,2025
"ThÃ.ringen",4,36,2025
"ThÃ.ringen",1,37,2025
"Baden.WÃ.rttemberg",793,1,2024
"Baden.WÃ.rttemberg",840,2,2024
"Baden.WÃ.rttemberg",1722,3,2024
"Baden.WÃ.rttemberg",3195,4,2024
"Baden.WÃ.rttemberg",4021,5,2024
"Baden.WÃ.rttemberg",3984,6,2024
"Baden.WÃ.rttemberg",2909,7,2024
"Baden.WÃ.rttemberg",2381,8,2024
"Baden.WÃ.rttemberg",1135,9,2024
"Baden.WÃ.rttemberg",753,10,2024
"Baden.WÃ.rttemberg",478,11,2024
"Baden.WÃ.rttemberg",394,12,2024
"Baden.WÃ.rttemberg",223,13,2024
"Baden.WÃ.rttemberg",147,14,2024
"Baden.WÃ.rttemberg",105,15,2024
"Baden.WÃ.rttemberg",66,16,2024
"Baden.WÃ.rttemberg",209,17,2024
"Baden.WÃ.rttemberg",126,18,2024
"Baden.WÃ.rttemberg",69,19,2024
"Baden.WÃ.rttemberg",33,20,2024
"Baden.WÃ.rttemberg",30,21,2024
"Baden.WÃ.rttemberg",21,22,2024
"Baden.WÃ.rttemberg",21,23,2024
"Baden.WÃ.rttemberg",18,24,2024
"Baden.WÃ.rttemberg",28,25,2024
"Baden.WÃ.rttemberg",14,26,2024
"Baden.WÃ.rttemberg",14,27,2024
"Baden.WÃ.rttemberg",10,28,2024
"Baden.WÃ.rttemberg",12,29,2024
"Baden.WÃ.rttemberg",17,30,2024
"Baden.WÃ.rttemberg",16,31,2024
"Baden.WÃ.rttemberg",13,32,2024
"Baden.WÃ.rttemberg",17,33,2024
"Baden.WÃ.rttemberg",23,34,2024
"Baden.WÃ.rttemberg",13,35,2024
"Baden.WÃ.rttemberg",19,36,2024
"Baden.WÃ.rttemberg",19,37,2024
"Baden.WÃ.rttemberg",19,38,2024
"Baden.WÃ.rttemberg",22,39,2024
"Baden.WÃ.rttemberg",28,40,2024
"Baden.WÃ.rttemberg",36,41,2024
"Baden.WÃ.rttemberg",34,42,2024
"Baden.WÃ.rttemberg",32,43,2024
"Baden.WÃ.rttemberg",19,44,2024
"Baden.WÃ.rttemberg",27,45,2024
"Baden.WÃ.rttemberg",35,46,2024
"Baden.WÃ.rttemberg",36,47,2024
"Baden.WÃ.rttemberg",76,48,2024
"Baden.WÃ.rttemberg",78,49,2024
"Baden.WÃ.rttemberg",175,50,2024
"Baden.WÃ.rttemberg",302,51,2024
"Baden.WÃ.rttemberg",293,52,2024
"Bayern",1102,1,2024
"Bayern",1818,2,2024
"Bayern",3105,3,2024
"Bayern",5829,4,2024
"Bayern",7682,5,2024
"Bayern",8264,6,2024
"Bayern",5649,7,2024
"Bayern",4382,8,2024
"Bayern",2182,9,2024
"Bayern",1529,10,2024
"Bayern",1110,11,2024
"Bayern",811,12,2024
"Bayern",491,13,2024
"Bayern",351,14,2024
"Bayern",215,15,2024
"Bayern",139,16,2024
"Bayern",186,17,2024
"Bayern",137,18,2024
"Bayern",123,19,2024
"Bayern",79,20,2024
"Bayern",57,21,2024
"Bayern",31,22,2024
"Bayern",59,23,2024
"Bayern",30,24,2024
"Bayern",23,25,2024
"Bayern",29,26,2024
"Bayern",19,27,2024
"Bayern",21,28,2024
"Bayern",13,29,2024
"Bayern",14,30,2024
"Bayern",7,31,2024
"Bayern",7,32,2024
"Bayern",8,33,2024
"Bayern",12,34,2024
"Bayern",16,35,2024
"Bayern",21,36,2024
"Bayern",22,37,2024
"Bayern",20,38,2024
"Bayern",35,39,2024
"Bayern",39,40,2024
"Bayern",65,41,2024
"Bayern",65,42,2024
"Bayern",50,43,2024
"Bayern",48,44,2024
"Bayern",51,45,2024
"Bayern",63,46,2024
"Bayern",96,47,2024
"Bayern",161,48,2024
"Bayern",224,49,2024
"Bayern",430,50,2024
"Bayern",779,51,2024
"Bayern",556,52,2024
"Berlin",411,1,2024
"Berlin",456,2,2024
"Berlin",578,3,2024
"Berlin",794,4,2024
"Berlin",779,5,2024
"Berlin",830,6,2024
"Berlin",524,7,2024
"Berlin",423,8,2024
"Berlin",256,9,2024
"Berlin",136,10,2024
"Berlin",136,11,2024
"Berlin",93,12,2024
"Berlin",48,13,2024
"Berlin",59,14,2024
"Berlin",41,15,2024
"Berlin",32,16,2024
"Berlin",19,17,2024
"Berlin",18,18,2024
"Berlin",25,19,2024
"Berlin",17,20,2024
"Berlin",16,21,2024
"Berlin",9,22,2024
"Berlin",3,23,2024
"Berlin",7,24,2024
"Berlin",3,25,2024
"Berlin",8,26,2024
"Berlin",6,27,2024
"Berlin",3,28,2024
"Berlin",2,29,2024
"Berlin",7,30,2024
"Berlin",5,31,2024
"Berlin",1,32,2024
"Berlin",6,33,2024
"Berlin",1,34,2024
"Berlin",3,35,2024
"Berlin",4,36,2024
"Berlin",8,37,2024
"Berlin",5,38,2024
"Berlin",7,39,2024
"Berlin",7,40,2024
"Berlin",14,41,2024
"Berlin",11,42,2024
"Berlin",15,43,2024
"Berlin",15,44,2024
"Berlin",17,45,2024
"Berlin",18,46,2024
"Berlin",33,47,2024
"Berlin",83,48,2024
"Berlin",81,49,2024
"Berlin",151,50,2024
"Berlin",241,51,2024
"Berlin",246,52,2024
"Brandenburg",227,1,2024
"Brandenburg",296,2,2024
"Brandenburg",546,3,2024
"Brandenburg",1008,4,2024
"Brandenburg",1253,5,2024
"Brandenburg",1105,6,2024
"Brandenburg",806,7,2024
"Brandenburg",517,8,2024
"Brandenburg",297,9,2024
"Brandenburg",171,10,2024
"Brandenburg",178,11,2024
"Brandenburg",154,12,2024
"Brandenburg",72,13,2024
"Brandenburg",64,14,2024
"Brandenburg",51,15,2024
"Brandenburg",29,16,2024
"Brandenburg",38,17,2024
"Brandenburg",55,18,2024
"Brandenburg",37,19,2024
"Brandenburg",24,20,2024
"Brandenburg",16,21,2024
"Brandenburg",14,22,2024
"Brandenburg",4,23,2024
"Brandenburg",6,24,2024
"Brandenburg",4,25,2024
"Brandenburg",3,26,2024
"Brandenburg",1,27,2024
"Brandenburg",5,28,2024
"Brandenburg",1,29,2024
"Brandenburg",3,30,2024
"Brandenburg",1,31,2024
"Brandenburg",4,32,2024
"Brandenburg",4,33,2024
"Brandenburg",5,34,2024
"Brandenburg",1,35,2024
"Brandenburg",7,36,2024
"Brandenburg",4,37,2024
"Brandenburg",5,38,2024
"Brandenburg",4,39,2024
"Brandenburg",7,40,2024
"Brandenburg",7,41,2024
"Brandenburg",5,42,2024
"Brandenburg",7,43,2024
"Brandenburg",13,44,2024
"Brandenburg",10,45,2024
"Brandenburg",15,46,2024
"Brandenburg",30,47,2024
"Brandenburg",47,48,2024
"Brandenburg",64,49,2024
"Brandenburg",115,50,2024
"Brandenburg",231,51,2024
"Brandenburg",104,52,2024
"Bremen",22,1,2024
"Bremen",33,2,2024
"Bremen",88,3,2024
"Bremen",88,4,2024
"Bremen",106,5,2024
"Bremen",124,6,2024
"Bremen",135,7,2024
"Bremen",45,8,2024
"Bremen",48,9,2024
"Bremen",19,10,2024
"Bremen",15,11,2024
"Bremen",6,12,2024
"Bremen",11,13,2024
"Bremen",6,14,2024
"Bremen",2,15,2024
"Bremen",5,16,2024
"Bremen",5,17,2024
"Bremen",5,18,2024
"Bremen",3,19,2024
"Bremen",5,20,2024
"Bremen",2,21,2024
"Bremen",1,22,2024
"Bremen",NA,23,2024
"Bremen",NA,24,2024
"Bremen",3,25,2024
"Bremen",5,26,2024
"Bremen",NA,27,2024
"Bremen",1,28,2024
"Bremen",1,29,2024
"Bremen",1,30,2024
"Bremen",1,31,2024
"Bremen",NA,32,2024
"Bremen",NA,33,2024
"Bremen",NA,34,2024
"Bremen",NA,35,2024
"Bremen",NA,36,2024
"Bremen",NA,37,2024
"Bremen",NA,38,2024
"Bremen",1,39,2024
"Bremen",1,40,2024
"Bremen",2,41,2024
"Bremen",NA,42,2024
"Bremen",1,43,2024
"Bremen",NA,44,2024
"Bremen",2,45,2024
"Bremen",1,46,2024
"Bremen",1,47,2024
"Bremen",2,48,2024
"Bremen",7,49,2024
"Bremen",7,50,2024
"Bremen",6,51,2024
"Bremen",11,52,2024
"Hamburg",146,1,2024
"Hamburg",209,2,2024
"Hamburg",301,3,2024
"Hamburg",541,4,2024
"Hamburg",529,5,2024
"Hamburg",546,6,2024
"Hamburg",425,7,2024
"Hamburg",323,8,2024
"Hamburg",221,9,2024
"Hamburg",171,10,2024
"Hamburg",121,11,2024
"Hamburg",99,12,2024
"Hamburg",42,13,2024
"Hamburg",56,14,2024
"Hamburg",38,15,2024
"Hamburg",17,16,2024
"Hamburg",26,17,2024
"Hamburg",28,18,2024
"Hamburg",28,19,2024
"Hamburg",16,20,2024
"Hamburg",13,21,2024
"Hamburg",18,22,2024
"Hamburg",14,23,2024
"Hamburg",8,24,2024
"Hamburg",11,25,2024
"Hamburg",11,26,2024
"Hamburg",8,27,2024
"Hamburg",6,28,2024
"Hamburg",7,29,2024
"Hamburg",3,30,2024
"Hamburg",9,31,2024
"Hamburg",6,32,2024
"Hamburg",5,33,2024
"Hamburg",5,34,2024
"Hamburg",10,35,2024
"Hamburg",9,36,2024
"Hamburg",7,37,2024
"Hamburg",6,38,2024
"Hamburg",5,39,2024
"Hamburg",6,40,2024
"Hamburg",12,41,2024
"Hamburg",6,42,2024
"Hamburg",7,43,2024
"Hamburg",7,44,2024
"Hamburg",17,45,2024
"Hamburg",16,46,2024
"Hamburg",39,47,2024
"Hamburg",48,48,2024
"Hamburg",76,49,2024
"Hamburg",112,50,2024
"Hamburg",186,51,2024
"Hamburg",106,52,2024
"Hessen",402,1,2024
"Hessen",380,2,2024
"Hessen",677,3,2024
"Hessen",1222,4,2024
"Hessen",1711,5,2024
"Hessen",2230,6,2024
"Hessen",1680,7,2024
"Hessen",1234,8,2024
"Hessen",640,9,2024
"Hessen",405,10,2024
"Hessen",338,11,2024
"Hessen",220,12,2024
"Hessen",96,13,2024
"Hessen",98,14,2024
"Hessen",77,15,2024
"Hessen",35,16,2024
"Hessen",28,17,2024
"Hessen",40,18,2024
"Hessen",24,19,2024
"Hessen",25,20,2024
"Hessen",19,21,2024
"Hessen",11,22,2024
"Hessen",8,23,2024
"Hessen",8,24,2024
"Hessen",9,25,2024
"Hessen",8,26,2024
"Hessen",5,27,2024
"Hessen",6,28,2024
"Hessen",6,29,2024
"Hessen",7,30,2024
"Hessen",8,31,2024
"Hessen",5,32,2024
"Hessen",8,33,2024
"Hessen",9,34,2024
"Hessen",12,35,2024
"Hessen",10,36,2024
"Hessen",8,37,2024
"Hessen",5,38,2024
"Hessen",11,39,2024
"Hessen",12,40,2024
"Hessen",12,41,2024
"Hessen",16,42,2024
"Hessen",17,43,2024
"Hessen",25,44,2024
"Hessen",22,45,2024
"Hessen",25,46,2024
"Hessen",35,47,2024
"Hessen",49,48,2024
"Hessen",56,49,2024
"Hessen",96,50,2024
"Hessen",253,51,2024
"Hessen",167,52,2024
"Mecklenburg.Vorpommern",150,1,2024
"Mecklenburg.Vorpommern",281,2,2024
"Mecklenburg.Vorpommern",412,3,2024
"Mecklenburg.Vorpommern",778,4,2024
"Mecklenburg.Vorpommern",1017,5,2024
"Mecklenburg.Vorpommern",930,6,2024
"Mecklenburg.Vorpommern",670,7,2024
"Mecklenburg.Vorpommern",492,8,2024
"Mecklenburg.Vorpommern",400,9,2024
"Mecklenburg.Vorpommern",255,10,2024
"Mecklenburg.Vorpommern",306,11,2024
"Mecklenburg.Vorpommern",219,12,2024
"Mecklenburg.Vorpommern",145,13,2024
"Mecklenburg.Vorpommern",149,14,2024
"Mecklenburg.Vorpommern",96,15,2024
"Mecklenburg.Vorpommern",31,16,2024
"Mecklenburg.Vorpommern",33,17,2024
"Mecklenburg.Vorpommern",31,18,2024
"Mecklenburg.Vorpommern",33,19,2024
"Mecklenburg.Vorpommern",33,20,2024
"Mecklenburg.Vorpommern",28,21,2024
"Mecklenburg.Vorpommern",7,22,2024
"Mecklenburg.Vorpommern",4,23,2024
"Mecklenburg.Vorpommern",2,24,2024
"Mecklenburg.Vorpommern",2,25,2024
"Mecklenburg.Vorpommern",3,26,2024
"Mecklenburg.Vorpommern",2,27,2024
"Mecklenburg.Vorpommern",3,28,2024
"Mecklenburg.Vorpommern",3,29,2024
"Mecklenburg.Vorpommern",3,30,2024
"Mecklenburg.Vorpommern",1,31,2024
"Mecklenburg.Vorpommern",1,32,2024
"Mecklenburg.Vorpommern",2,33,2024
"Mecklenburg.Vorpommern",9,34,2024
"Mecklenburg.Vorpommern",3,35,2024
"Mecklenburg.Vorpommern",2,36,2024
"Mecklenburg.Vorpommern",1,37,2024
"Mecklenburg.Vorpommern",1,38,2024
"Mecklenburg.Vorpommern",3,39,2024
"Mecklenburg.Vorpommern",1,40,2024
"Mecklenburg.Vorpommern",12,41,2024
"Mecklenburg.Vorpommern",10,42,2024
"Mecklenburg.Vorpommern",15,43,2024
"Mecklenburg.Vorpommern",10,44,2024
"Mecklenburg.Vorpommern",7,45,2024
"Mecklenburg.Vorpommern",11,46,2024
"Mecklenburg.Vorpommern",19,47,2024
"Mecklenburg.Vorpommern",28,48,2024
"Mecklenburg.Vorpommern",21,49,2024
"Mecklenburg.Vorpommern",64,50,2024
"Mecklenburg.Vorpommern",105,51,2024
"Mecklenburg.Vorpommern",30,52,2024
"Niedersachsen",231,1,2024
"Niedersachsen",356,2,2024
"Niedersachsen",782,3,2024
"Niedersachsen",1447,4,2024
"Niedersachsen",1875,5,2024
"Niedersachsen",2105,6,2024
"Niedersachsen",1615,7,2024
"Niedersachsen",1236,8,2024
"Niedersachsen",753,9,2024
"Niedersachsen",544,10,2024
"Niedersachsen",446,11,2024
"Niedersachsen",275,12,2024
"Niedersachsen",158,13,2024
"Niedersachsen",111,14,2024
"Niedersachsen",54,15,2024
"Niedersachsen",61,16,2024
"Niedersachsen",99,17,2024
"Niedersachsen",51,18,2024
"Niedersachsen",30,19,2024
"Niedersachsen",32,20,2024
"Niedersachsen",26,21,2024
"Niedersachsen",18,22,2024
"Niedersachsen",13,23,2024
"Niedersachsen",19,24,2024
"Niedersachsen",18,25,2024
"Niedersachsen",11,26,2024
"Niedersachsen",10,27,2024
"Niedersachsen",3,28,2024
"Niedersachsen",8,29,2024
"Niedersachsen",6,30,2024
"Niedersachsen",2,31,2024
"Niedersachsen",9,32,2024
"Niedersachsen",4,33,2024
"Niedersachsen",8,34,2024
"Niedersachsen",4,35,2024
"Niedersachsen",12,36,2024
"Niedersachsen",3,37,2024
"Niedersachsen",8,38,2024
"Niedersachsen",6,39,2024
"Niedersachsen",10,40,2024
"Niedersachsen",11,41,2024
"Niedersachsen",11,42,2024
"Niedersachsen",10,43,2024
"Niedersachsen",11,44,2024
"Niedersachsen",15,45,2024
"Niedersachsen",31,46,2024
"Niedersachsen",38,47,2024
"Niedersachsen",35,48,2024
"Niedersachsen",52,49,2024
"Niedersachsen",110,50,2024
"Niedersachsen",197,51,2024
"Niedersachsen",153,52,2024
"Nordrhein.Westfalen",1160,1,2024
"Nordrhein.Westfalen",1212,2,2024
"Nordrhein.Westfalen",2054,3,2024
"Nordrhein.Westfalen",3856,4,2024
"Nordrhein.Westfalen",4608,5,2024
"Nordrhein.Westfalen",4443,6,2024
"Nordrhein.Westfalen",3403,7,2024
"Nordrhein.Westfalen",3010,8,2024
"Nordrhein.Westfalen",1642,9,2024
"Nordrhein.Westfalen",1082,10,2024
"Nordrhein.Westfalen",751,11,2024
"Nordrhein.Westfalen",411,12,2024
"Nordrhein.Westfalen",237,13,2024
"Nordrhein.Westfalen",164,14,2024
"Nordrhein.Westfalen",118,15,2024
"Nordrhein.Westfalen",75,16,2024
"Nordrhein.Westfalen",59,17,2024
"Nordrhein.Westfalen",68,18,2024
"Nordrhein.Westfalen",63,19,2024
"Nordrhein.Westfalen",94,20,2024
"Nordrhein.Westfalen",28,21,2024
"Nordrhein.Westfalen",22,22,2024
"Nordrhein.Westfalen",13,23,2024
"Nordrhein.Westfalen",15,24,2024
"Nordrhein.Westfalen",12,25,2024
"Nordrhein.Westfalen",21,26,2024
"Nordrhein.Westfalen",15,27,2024
"Nordrhein.Westfalen",16,28,2024
"Nordrhein.Westfalen",26,29,2024
"Nordrhein.Westfalen",13,30,2024
"Nordrhein.Westfalen",15,31,2024
"Nordrhein.Westfalen",20,32,2024
"Nordrhein.Westfalen",22,33,2024
"Nordrhein.Westfalen",33,34,2024
"Nordrhein.Westfalen",31,35,2024
"Nordrhein.Westfalen",26,36,2024
"Nordrhein.Westfalen",17,37,2024
"Nordrhein.Westfalen",26,38,2024
"Nordrhein.Westfalen",26,39,2024
"Nordrhein.Westfalen",41,40,2024
"Nordrhein.Westfalen",51,41,2024
"Nordrhein.Westfalen",37,42,2024
"Nordrhein.Westfalen",45,43,2024
"Nordrhein.Westfalen",31,44,2024
"Nordrhein.Westfalen",62,45,2024
"Nordrhein.Westfalen",78,46,2024
"Nordrhein.Westfalen",141,47,2024
"Nordrhein.Westfalen",182,48,2024
"Nordrhein.Westfalen",237,49,2024
"Nordrhein.Westfalen",356,50,2024
"Nordrhein.Westfalen",627,51,2024
"Nordrhein.Westfalen",422,52,2024
"Rheinland.Pfalz",285,1,2024
"Rheinland.Pfalz",303,2,2024
"Rheinland.Pfalz",629,3,2024
"Rheinland.Pfalz",1117,4,2024
"Rheinland.Pfalz",1635,5,2024
"Rheinland.Pfalz",1951,6,2024
"Rheinland.Pfalz",1328,7,2024
"Rheinland.Pfalz",1203,8,2024
"Rheinland.Pfalz",610,9,2024
"Rheinland.Pfalz",333,10,2024
"Rheinland.Pfalz",203,11,2024
"Rheinland.Pfalz",181,12,2024
"Rheinland.Pfalz",82,13,2024
"Rheinland.Pfalz",55,14,2024
"Rheinland.Pfalz",46,15,2024
"Rheinland.Pfalz",32,16,2024
"Rheinland.Pfalz",12,17,2024
"Rheinland.Pfalz",32,18,2024
"Rheinland.Pfalz",29,19,2024
"Rheinland.Pfalz",38,20,2024
"Rheinland.Pfalz",12,21,2024
"Rheinland.Pfalz",5,22,2024
"Rheinland.Pfalz",11,23,2024
"Rheinland.Pfalz",4,24,2024
"Rheinland.Pfalz",14,25,2024
"Rheinland.Pfalz",3,26,2024
"Rheinland.Pfalz",5,27,2024
"Rheinland.Pfalz",4,28,2024
"Rheinland.Pfalz",11,29,2024
"Rheinland.Pfalz",3,30,2024
"Rheinland.Pfalz",3,31,2024
"Rheinland.Pfalz",3,32,2024
"Rheinland.Pfalz",6,33,2024
"Rheinland.Pfalz",7,34,2024
"Rheinland.Pfalz",8,35,2024
"Rheinland.Pfalz",4,36,2024
"Rheinland.Pfalz",4,37,2024
"Rheinland.Pfalz",6,38,2024
"Rheinland.Pfalz",7,39,2024
"Rheinland.Pfalz",3,40,2024
"Rheinland.Pfalz",7,41,2024
"Rheinland.Pfalz",8,42,2024
"Rheinland.Pfalz",11,43,2024
"Rheinland.Pfalz",13,44,2024
"Rheinland.Pfalz",10,45,2024
"Rheinland.Pfalz",10,46,2024
"Rheinland.Pfalz",13,47,2024
"Rheinland.Pfalz",17,48,2024
"Rheinland.Pfalz",34,49,2024
"Rheinland.Pfalz",67,50,2024
"Rheinland.Pfalz",146,51,2024
"Rheinland.Pfalz",97,52,2024
"Saarland",45,1,2024
"Saarland",39,2,2024
"Saarland",67,3,2024
"Saarland",147,4,2024
"Saarland",245,5,2024
"Saarland",248,6,2024
"Saarland",223,7,2024
"Saarland",211,8,2024
"Saarland",112,9,2024
"Saarland",55,10,2024
"Saarland",52,11,2024
"Saarland",49,12,2024
"Saarland",22,13,2024
"Saarland",13,14,2024
"Saarland",4,15,2024
"Saarland",9,16,2024
"Saarland",5,17,2024
"Saarland",6,18,2024
"Saarland",10,19,2024
"Saarland",3,20,2024
"Saarland",2,21,2024
"Saarland",1,22,2024
"Saarland",NA,23,2024
"Saarland",3,24,2024
"Saarland",NA,25,2024
"Saarland",2,26,2024
"Saarland",NA,27,2024
"Saarland",1,28,2024
"Saarland",1,29,2024
"Saarland",3,30,2024
"Saarland",NA,31,2024
"Saarland",1,32,2024
"Saarland",1,33,2024
"Saarland",1,34,2024
"Saarland",NA,35,2024
"Saarland",2,36,2024
"Saarland",1,37,2024
"Saarland",NA,38,2024
"Saarland",3,39,2024
"Saarland",1,40,2024
"Saarland",4,41,2024
"Saarland",3,42,2024
"Saarland",2,43,2024
"Saarland",2,44,2024
"Saarland",6,45,2024
"Saarland",3,46,2024
"Saarland",2,47,2024
"Saarland",10,48,2024
"Saarland",12,49,2024
"Saarland",26,50,2024
"Saarland",32,51,2024
"Saarland",20,52,2024
"Sachsen",640,1,2024
"Sachsen",838,2,2024
"Sachsen",1615,3,2024
"Sachsen",3036,4,2024
"Sachsen",3807,5,2024
"Sachsen",3701,6,2024
"Sachsen",2002,7,2024
"Sachsen",1166,8,2024
"Sachsen",738,9,2024
"Sachsen",487,10,2024
"Sachsen",441,11,2024
"Sachsen",374,12,2024
"Sachsen",248,13,2024
"Sachsen",180,14,2024
"Sachsen",175,15,2024
"Sachsen",113,16,2024
"Sachsen",122,17,2024
"Sachsen",180,18,2024
"Sachsen",136,19,2024
"Sachsen",112,20,2024
"Sachsen",43,21,2024
"Sachsen",48,22,2024
"Sachsen",34,23,2024
"Sachsen",27,24,2024
"Sachsen",14,25,2024
"Sachsen",13,26,2024
"Sachsen",10,27,2024
"Sachsen",10,28,2024
"Sachsen",9,29,2024
"Sachsen",14,30,2024
"Sachsen",6,31,2024
"Sachsen",8,32,2024
"Sachsen",13,33,2024
"Sachsen",18,34,2024
"Sachsen",18,35,2024
"Sachsen",12,36,2024
"Sachsen",10,37,2024
"Sachsen",18,38,2024
"Sachsen",20,39,2024
"Sachsen",16,40,2024
"Sachsen",21,41,2024
"Sachsen",20,42,2024
"Sachsen",36,43,2024
"Sachsen",30,44,2024
"Sachsen",27,45,2024
"Sachsen",46,46,2024
"Sachsen",37,47,2024
"Sachsen",98,48,2024
"Sachsen",141,49,2024
"Sachsen",229,50,2024
"Sachsen",507,51,2024
"Sachsen",185,52,2024
"Sachsen.Anhalt",350,1,2024
"Sachsen.Anhalt",398,2,2024
"Sachsen.Anhalt",995,3,2024
"Sachsen.Anhalt",1964,4,2024
"Sachsen.Anhalt",2466,5,2024
"Sachsen.Anhalt",1801,6,2024
"Sachsen.Anhalt",1321,7,2024
"Sachsen.Anhalt",843,8,2024
"Sachsen.Anhalt",409,9,2024
"Sachsen.Anhalt",254,10,2024
"Sachsen.Anhalt",218,11,2024
"Sachsen.Anhalt",392,12,2024
"Sachsen.Anhalt",105,13,2024
"Sachsen.Anhalt",99,14,2024
"Sachsen.Anhalt",82,15,2024
"Sachsen.Anhalt",118,16,2024
"Sachsen.Anhalt",54,17,2024
"Sachsen.Anhalt",39,18,2024
"Sachsen.Anhalt",36,19,2024
"Sachsen.Anhalt",49,20,2024
"Sachsen.Anhalt",9,21,2024
"Sachsen.Anhalt",13,22,2024
"Sachsen.Anhalt",5,23,2024
"Sachsen.Anhalt",9,24,2024
"Sachsen.Anhalt",7,25,2024
"Sachsen.Anhalt",3,26,2024
"Sachsen.Anhalt",4,27,2024
"Sachsen.Anhalt",5,28,2024
"Sachsen.Anhalt",4,29,2024
"Sachsen.Anhalt",6,30,2024
"Sachsen.Anhalt",9,31,2024
"Sachsen.Anhalt",6,32,2024
"Sachsen.Anhalt",6,33,2024
"Sachsen.Anhalt",2,34,2024
"Sachsen.Anhalt",4,35,2024
"Sachsen.Anhalt",5,36,2024
"Sachsen.Anhalt",6,37,2024
"Sachsen.Anhalt",15,38,2024
"Sachsen.Anhalt",9,39,2024
"Sachsen.Anhalt",8,40,2024
"Sachsen.Anhalt",10,41,2024
"Sachsen.Anhalt",21,42,2024
"Sachsen.Anhalt",18,43,2024
"Sachsen.Anhalt",18,44,2024
"Sachsen.Anhalt",28,45,2024
"Sachsen.Anhalt",16,46,2024
"Sachsen.Anhalt",38,47,2024
"Sachsen.Anhalt",36,48,2024
"Sachsen.Anhalt",45,49,2024
"Sachsen.Anhalt",95,50,2024
"Sachsen.Anhalt",195,51,2024
"Sachsen.Anhalt",50,52,2024
"Schleswig.Holstein",125,1,2024
"Schleswig.Holstein",144,2,2024
"Schleswig.Holstein",263,3,2024
"Schleswig.Holstein",536,4,2024
"Schleswig.Holstein",582,5,2024
"Schleswig.Holstein",643,6,2024
"Schleswig.Holstein",596,7,2024
"Schleswig.Holstein",474,8,2024
"Schleswig.Holstein",263,9,2024
"Schleswig.Holstein",201,10,2024
"Schleswig.Holstein",109,11,2024
"Schleswig.Holstein",109,12,2024
"Schleswig.Holstein",73,13,2024
"Schleswig.Holstein",68,14,2024
"Schleswig.Holstein",60,15,2024
"Schleswig.Holstein",13,16,2024
"Schleswig.Holstein",16,17,2024
"Schleswig.Holstein",18,18,2024
"Schleswig.Holstein",14,19,2024
"Schleswig.Holstein",12,20,2024
"Schleswig.Holstein",9,21,2024
"Schleswig.Holstein",6,22,2024
"Schleswig.Holstein",3,23,2024
"Schleswig.Holstein",2,24,2024
"Schleswig.Holstein",8,25,2024
"Schleswig.Holstein",4,26,2024
"Schleswig.Holstein",2,27,2024
"Schleswig.Holstein",6,28,2024
"Schleswig.Holstein",2,29,2024
"Schleswig.Holstein",3,30,2024
"Schleswig.Holstein",1,31,2024
"Schleswig.Holstein",2,32,2024
"Schleswig.Holstein",2,33,2024
"Schleswig.Holstein",1,34,2024
"Schleswig.Holstein",3,35,2024
"Schleswig.Holstein",10,36,2024
"Schleswig.Holstein",5,37,2024
"Schleswig.Holstein",4,38,2024
"Schleswig.Holstein",2,39,2024
"Schleswig.Holstein",2,40,2024
"Schleswig.Holstein",3,41,2024
"Schleswig.Holstein",5,42,2024
"Schleswig.Holstein",9,43,2024
"Schleswig.Holstein",1,44,2024
"Schleswig.Holstein",6,45,2024
"Schleswig.Holstein",6,46,2024
"Schleswig.Holstein",18,47,2024
"Schleswig.Holstein",22,48,2024
"Schleswig.Holstein",61,49,2024
"Schleswig.Holstein",168,50,2024
"Schleswig.Holstein",378,51,2024
"Schleswig.Holstein",151,52,2024
"ThÃ.ringen",215,1,2024
"ThÃ.ringen",237,2,2024
"ThÃ.ringen",477,3,2024
"ThÃ.ringen",1054,4,2024
"ThÃ.ringen",1342,5,2024
"ThÃ.ringen",1481,6,2024
"ThÃ.ringen",991,7,2024
"ThÃ.ringen",800,8,2024
"ThÃ.ringen",538,9,2024
"ThÃ.ringen",384,10,2024
"ThÃ.ringen",260,11,2024
"ThÃ.ringen",170,12,2024
"ThÃ.ringen",91,13,2024
"ThÃ.ringen",58,14,2024
"ThÃ.ringen",74,15,2024
"ThÃ.ringen",27,16,2024
"ThÃ.ringen",21,17,2024
"ThÃ.ringen",23,18,2024
"ThÃ.ringen",24,19,2024
"ThÃ.ringen",13,20,2024
"ThÃ.ringen",7,21,2024
"ThÃ.ringen",20,22,2024
"ThÃ.ringen",8,23,2024
"ThÃ.ringen",6,24,2024
"ThÃ.ringen",3,25,2024
"ThÃ.ringen",3,26,2024
"ThÃ.ringen",3,27,2024
"ThÃ.ringen",4,28,2024
"ThÃ.ringen",2,29,2024
"ThÃ.ringen",3,30,2024
"ThÃ.ringen",1,31,2024
"ThÃ.ringen",2,32,2024
"ThÃ.ringen",2,33,2024
"ThÃ.ringen",4,34,2024
"ThÃ.ringen",3,35,2024
"ThÃ.ringen",4,36,2024
"ThÃ.ringen",1,37,2024
"ThÃ.ringen",4,38,2024
"ThÃ.ringen",5,39,2024
"ThÃ.ringen",5,40,2024
"ThÃ.ringen",4,41,2024
"ThÃ.ringen",10,42,2024
"ThÃ.ringen",7,43,2024
"ThÃ.ringen",13,44,2024
"ThÃ.ringen",9,45,2024
"ThÃ.ringen",13,46,2024
"ThÃ.ringen",23,47,2024
"ThÃ.ringen",51,48,2024
"ThÃ.ringen",84,49,2024
"ThÃ.ringen",142,50,2024
"ThÃ.ringen",307,51,2024
"ThÃ.ringen",136,52,2024
"Baden.WÃ.rttemberg",1332,1,2023
"Baden.WÃ.rttemberg",722,2,2023
"Baden.WÃ.rttemberg",346,3,2023
"Baden.WÃ.rttemberg",241,4,2023
"Baden.WÃ.rttemberg",294,5,2023
"Baden.WÃ.rttemberg",329,6,2023
"Baden.WÃ.rttemberg",365,7,2023
"Baden.WÃ.rttemberg",435,8,2023
"Baden.WÃ.rttemberg",444,9,2023
"Baden.WÃ.rttemberg",438,10,2023
"Baden.WÃ.rttemberg",439,11,2023
"Baden.WÃ.rttemberg",412,12,2023
"Baden.WÃ.rttemberg",331,13,2023
"Baden.WÃ.rttemberg",217,14,2023
"Baden.WÃ.rttemberg",185,15,2023
"Baden.WÃ.rttemberg",132,16,2023
"Baden.WÃ.rttemberg",99,17,2023
"Baden.WÃ.rttemberg",86,18,2023
"Baden.WÃ.rttemberg",50,19,2023
"Baden.WÃ.rttemberg",40,20,2023
"Baden.WÃ.rttemberg",30,21,2023
"Baden.WÃ.rttemberg",17,22,2023
"Baden.WÃ.rttemberg",18,23,2023
"Baden.WÃ.rttemberg",10,24,2023
"Baden.WÃ.rttemberg",14,25,2023
"Baden.WÃ.rttemberg",13,26,2023
"Baden.WÃ.rttemberg",7,27,2023
"Baden.WÃ.rttemberg",2,28,2023
"Baden.WÃ.rttemberg",3,29,2023
"Baden.WÃ.rttemberg",9,30,2023
"Baden.WÃ.rttemberg",5,31,2023
"Baden.WÃ.rttemberg",13,32,2023
"Baden.WÃ.rttemberg",4,33,2023
"Baden.WÃ.rttemberg",13,34,2023
"Baden.WÃ.rttemberg",9,35,2023
"Baden.WÃ.rttemberg",13,36,2023
"Baden.WÃ.rttemberg",10,37,2023
"Baden.WÃ.rttemberg",13,38,2023
"Baden.WÃ.rttemberg",21,39,2023
"Baden.WÃ.rttemberg",22,40,2023
"Baden.WÃ.rttemberg",28,41,2023
"Baden.WÃ.rttemberg",33,42,2023
"Baden.WÃ.rttemberg",17,43,2023
"Baden.WÃ.rttemberg",25,44,2023
"Baden.WÃ.rttemberg",37,45,2023
"Baden.WÃ.rttemberg",48,46,2023
"Baden.WÃ.rttemberg",50,47,2023
"Baden.WÃ.rttemberg",76,48,2023
"Baden.WÃ.rttemberg",143,49,2023
"Baden.WÃ.rttemberg",323,50,2023
"Baden.WÃ.rttemberg",467,51,2023
"Baden.WÃ.rttemberg",622,52,2023
"Bayern",2584,1,2023
"Bayern",1401,2,2023
"Bayern",717,3,2023
"Bayern",542,4,2023
"Bayern",468,5,2023
"Bayern",533,6,2023
"Bayern",601,7,2023
"Bayern",532,8,2023
"Bayern",632,9,2023
"Bayern",673,10,2023
"Bayern",739,11,2023
"Bayern",803,12,2023
"Bayern",602,13,2023
"Bayern",432,14,2023
"Bayern",316,15,2023
"Bayern",235,16,2023
"Bayern",165,17,2023
"Bayern",129,18,2023
"Bayern",115,19,2023
"Bayern",54,20,2023
"Bayern",49,21,2023
"Bayern",26,22,2023
"Bayern",20,23,2023
"Bayern",14,24,2023
"Bayern",20,25,2023
"Bayern",10,26,2023
"Bayern",7,27,2023
"Bayern",9,28,2023
"Bayern",11,29,2023
"Bayern",5,30,2023
"Bayern",10,31,2023
"Bayern",8,32,2023
"Bayern",10,33,2023
"Bayern",13,34,2023
"Bayern",11,35,2023
"Bayern",8,36,2023
"Bayern",18,37,2023
"Bayern",39,38,2023
"Bayern",19,39,2023
"Bayern",35,40,2023
"Bayern",50,41,2023
"Bayern",40,42,2023
"Bayern",40,43,2023
"Bayern",39,44,2023
"Bayern",42,45,2023
"Bayern",46,46,2023
"Bayern",79,47,2023
"Bayern",110,48,2023
"Bayern",202,49,2023
"Bayern",448,50,2023
"Bayern",781,51,2023
"Bayern",877,52,2023
"Berlin",558,1,2023
"Berlin",282,2,2023
"Berlin",103,3,2023
"Berlin",107,4,2023
"Berlin",111,5,2023
"Berlin",92,6,2023
"Berlin",123,7,2023
"Berlin",148,8,2023
"Berlin",130,9,2023
"Berlin",130,10,2023
"Berlin",178,11,2023
"Berlin",209,12,2023
"Berlin",158,13,2023
"Berlin",76,14,2023
"Berlin",58,15,2023
"Berlin",42,16,2023
"Berlin",31,17,2023
"Berlin",13,18,2023
"Berlin",14,19,2023
"Berlin",5,20,2023
"Berlin",16,21,2023
"Berlin",3,22,2023
"Berlin",3,23,2023
"Berlin",7,24,2023
"Berlin",5,25,2023
"Berlin",5,26,2023
"Berlin",4,27,2023
"Berlin",1,28,2023
"Berlin",4,29,2023
"Berlin",3,30,2023
"Berlin",3,31,2023
"Berlin",5,32,2023
"Berlin",4,33,2023
"Berlin",11,34,2023
"Berlin",6,35,2023
"Berlin",2,36,2023
"Berlin",1,37,2023
"Berlin",5,38,2023
"Berlin",5,39,2023
"Berlin",4,40,2023
"Berlin",5,41,2023
"Berlin",6,42,2023
"Berlin",11,43,2023
"Berlin",10,44,2023
"Berlin",13,45,2023
"Berlin",32,46,2023
"Berlin",25,47,2023
"Berlin",37,48,2023
"Berlin",124,49,2023
"Berlin",310,50,2023
"Berlin",434,51,2023
"Berlin",353,52,2023
"Brandenburg",591,1,2023
"Brandenburg",260,2,2023
"Brandenburg",130,3,2023
"Brandenburg",122,4,2023
"Brandenburg",114,5,2023
"Brandenburg",73,6,2023
"Brandenburg",58,7,2023
"Brandenburg",51,8,2023
"Brandenburg",73,9,2023
"Brandenburg",115,10,2023
"Brandenburg",114,11,2023
"Brandenburg",148,12,2023
"Brandenburg",120,13,2023
"Brandenburg",43,14,2023
"Brandenburg",44,15,2023
"Brandenburg",33,16,2023
"Brandenburg",18,17,2023
"Brandenburg",21,18,2023
"Brandenburg",10,19,2023
"Brandenburg",6,20,2023
"Brandenburg",4,21,2023
"Brandenburg",7,22,2023
"Brandenburg",5,23,2023
"Brandenburg",2,24,2023
"Brandenburg",1,25,2023
"Brandenburg",1,26,2023
"Brandenburg",4,27,2023
"Brandenburg",1,28,2023
"Brandenburg",2,29,2023
"Brandenburg",NA,30,2023
"Brandenburg",1,31,2023
"Brandenburg",1,32,2023
"Brandenburg",1,33,2023
"Brandenburg",4,34,2023
"Brandenburg",2,35,2023
"Brandenburg",3,36,2023
"Brandenburg",1,37,2023
"Brandenburg",NA,38,2023
"Brandenburg",1,39,2023
"Brandenburg",5,40,2023
"Brandenburg",7,41,2023
"Brandenburg",3,42,2023
"Brandenburg",6,43,2023
"Brandenburg",4,44,2023
"Brandenburg",12,45,2023
"Brandenburg",12,46,2023
"Brandenburg",11,47,2023
"Brandenburg",24,48,2023
"Brandenburg",43,49,2023
"Brandenburg",127,50,2023
"Brandenburg",227,51,2023
"Brandenburg",175,52,2023
"Bremen",65,1,2023
"Bremen",12,2,2023
"Bremen",5,3,2023
"Bremen",2,4,2023
"Bremen",7,5,2023
"Bremen",5,6,2023
"Bremen",6,7,2023
"Bremen",4,8,2023
"Bremen",5,9,2023
"Bremen",11,10,2023
"Bremen",8,11,2023
"Bremen",21,12,2023
"Bremen",7,13,2023
"Bremen",8,14,2023
"Bremen",6,15,2023
"Bremen",4,16,2023
"Bremen",2,17,2023
"Bremen",1,18,2023
"Bremen",6,19,2023
"Bremen",1,20,2023
"Bremen",NA,21,2023
"Bremen",NA,22,2023
"Bremen",NA,23,2023
"Bremen",NA,24,2023
"Bremen",NA,25,2023
"Bremen",NA,26,2023
"Bremen",NA,27,2023
"Bremen",NA,28,2023
"Bremen",NA,29,2023
"Bremen",NA,30,2023
"Bremen",NA,31,2023
"Bremen",NA,32,2023
"Bremen",NA,33,2023
"Bremen",NA,34,2023
"Bremen",NA,35,2023
"Bremen",1,36,2023
"Bremen",NA,37,2023
"Bremen",NA,38,2023
"Bremen",NA,39,2023
"Bremen",2,40,2023
"Bremen",NA,41,2023
"Bremen",NA,42,2023
"Bremen",2,43,2023
"Bremen",NA,44,2023
"Bremen",NA,45,2023
"Bremen",NA,46,2023
"Bremen",4,47,2023
"Bremen",2,48,2023
"Bremen",1,49,2023
"Bremen",11,50,2023
"Bremen",22,51,2023
"Bremen",14,52,2023
"Hamburg",328,1,2023
"Hamburg",163,2,2023
"Hamburg",66,3,2023
"Hamburg",79,4,2023
"Hamburg",57,5,2023
"Hamburg",60,6,2023
"Hamburg",94,7,2023
"Hamburg",60,8,2023
"Hamburg",61,9,2023
"Hamburg",110,10,2023
"Hamburg",80,11,2023
"Hamburg",117,12,2023
"Hamburg",64,13,2023
"Hamburg",42,14,2023
"Hamburg",82,15,2023
"Hamburg",46,16,2023
"Hamburg",65,17,2023
"Hamburg",45,18,2023
"Hamburg",41,19,2023
"Hamburg",19,20,2023
"Hamburg",17,21,2023
"Hamburg",18,22,2023
"Hamburg",12,23,2023
"Hamburg",16,24,2023
"Hamburg",10,25,2023
"Hamburg",5,26,2023
"Hamburg",3,27,2023
"Hamburg",2,28,2023
"Hamburg",4,29,2023
"Hamburg",3,30,2023
"Hamburg",1,31,2023
"Hamburg",NA,32,2023
"Hamburg",4,33,2023
"Hamburg",4,34,2023
"Hamburg",6,35,2023
"Hamburg",5,36,2023
"Hamburg",7,37,2023
"Hamburg",4,38,2023
"Hamburg",1,39,2023
"Hamburg",3,40,2023
"Hamburg",8,41,2023
"Hamburg",6,42,2023
"Hamburg",12,43,2023
"Hamburg",7,44,2023
"Hamburg",13,45,2023
"Hamburg",21,46,2023
"Hamburg",25,47,2023
"Hamburg",31,48,2023
"Hamburg",79,49,2023
"Hamburg",140,50,2023
"Hamburg",211,51,2023
"Hamburg",166,52,2023
"Hessen",786,1,2023
"Hessen",376,2,2023
"Hessen",158,3,2023
"Hessen",133,4,2023
"Hessen",159,5,2023
"Hessen",187,6,2023
"Hessen",200,7,2023
"Hessen",252,8,2023
"Hessen",262,9,2023
"Hessen",302,10,2023
"Hessen",257,11,2023
"Hessen",328,12,2023
"Hessen",230,13,2023
"Hessen",132,14,2023
"Hessen",128,15,2023
"Hessen",76,16,2023
"Hessen",54,17,2023
"Hessen",37,18,2023
"Hessen",35,19,2023
"Hessen",21,20,2023
"Hessen",15,21,2023
"Hessen",9,22,2023
"Hessen",7,23,2023
"Hessen",2,24,2023
"Hessen",1,25,2023
"Hessen",2,26,2023
"Hessen",3,27,2023
"Hessen",8,28,2023
"Hessen",5,29,2023
"Hessen",3,30,2023
"Hessen",4,31,2023
"Hessen",2,32,2023
"Hessen",5,33,2023
"Hessen",4,34,2023
"Hessen",7,35,2023
"Hessen",5,36,2023
"Hessen",9,37,2023
"Hessen",5,38,2023
"Hessen",8,39,2023
"Hessen",6,40,2023
"Hessen",18,41,2023
"Hessen",13,42,2023
"Hessen",21,43,2023
"Hessen",18,44,2023
"Hessen",28,45,2023
"Hessen",21,46,2023
"Hessen",52,47,2023
"Hessen",60,48,2023
"Hessen",123,49,2023
"Hessen",237,50,2023
"Hessen",341,51,2023
"Hessen",383,52,2023
"Mecklenburg.Vorpommern",446,1,2023
"Mecklenburg.Vorpommern",160,2,2023
"Mecklenburg.Vorpommern",83,3,2023
"Mecklenburg.Vorpommern",49,4,2023
"Mecklenburg.Vorpommern",25,5,2023
"Mecklenburg.Vorpommern",17,6,2023
"Mecklenburg.Vorpommern",30,7,2023
"Mecklenburg.Vorpommern",34,8,2023
"Mecklenburg.Vorpommern",31,9,2023
"Mecklenburg.Vorpommern",32,10,2023
"Mecklenburg.Vorpommern",53,11,2023
"Mecklenburg.Vorpommern",60,12,2023
"Mecklenburg.Vorpommern",38,13,2023
"Mecklenburg.Vorpommern",26,14,2023
"Mecklenburg.Vorpommern",24,15,2023
"Mecklenburg.Vorpommern",14,16,2023
"Mecklenburg.Vorpommern",9,17,2023
"Mecklenburg.Vorpommern",12,18,2023
"Mecklenburg.Vorpommern",6,19,2023
"Mecklenburg.Vorpommern",7,20,2023
"Mecklenburg.Vorpommern",4,21,2023
"Mecklenburg.Vorpommern",3,22,2023
"Mecklenburg.Vorpommern",5,23,2023
"Mecklenburg.Vorpommern",1,24,2023
"Mecklenburg.Vorpommern",3,25,2023
"Mecklenburg.Vorpommern",2,26,2023
"Mecklenburg.Vorpommern",2,27,2023
"Mecklenburg.Vorpommern",1,28,2023
"Mecklenburg.Vorpommern",NA,29,2023
"Mecklenburg.Vorpommern",1,30,2023
"Mecklenburg.Vorpommern",NA,31,2023
"Mecklenburg.Vorpommern",2,32,2023
"Mecklenburg.Vorpommern",NA,33,2023
"Mecklenburg.Vorpommern",NA,34,2023
"Mecklenburg.Vorpommern",NA,35,2023
"Mecklenburg.Vorpommern",1,36,2023
"Mecklenburg.Vorpommern",4,37,2023
"Mecklenburg.Vorpommern",3,38,2023
"Mecklenburg.Vorpommern",5,39,2023
"Mecklenburg.Vorpommern",5,40,2023
"Mecklenburg.Vorpommern",NA,41,2023
"Mecklenburg.Vorpommern",8,42,2023
"Mecklenburg.Vorpommern",15,43,2023
"Mecklenburg.Vorpommern",10,44,2023
"Mecklenburg.Vorpommern",15,45,2023
"Mecklenburg.Vorpommern",2,46,2023
"Mecklenburg.Vorpommern",8,47,2023
"Mecklenburg.Vorpommern",22,48,2023
"Mecklenburg.Vorpommern",35,49,2023
"Mecklenburg.Vorpommern",121,50,2023
"Mecklenburg.Vorpommern",249,51,2023
"Mecklenburg.Vorpommern",93,52,2023
"Niedersachsen",995,1,2023
"Niedersachsen",324,2,2023
"Niedersachsen",159,3,2023
"Niedersachsen",128,4,2023
"Niedersachsen",119,5,2023
"Niedersachsen",110,6,2023
"Niedersachsen",177,7,2023
"Niedersachsen",172,8,2023
"Niedersachsen",153,9,2023
"Niedersachsen",187,10,2023
"Niedersachsen",250,11,2023
"Niedersachsen",232,12,2023
"Niedersachsen",177,13,2023
"Niedersachsen",101,14,2023
"Niedersachsen",65,15,2023
"Niedersachsen",76,16,2023
"Niedersachsen",45,17,2023
"Niedersachsen",31,18,2023
"Niedersachsen",51,19,2023
"Niedersachsen",25,20,2023
"Niedersachsen",26,21,2023
"Niedersachsen",7,22,2023
"Niedersachsen",10,23,2023
"Niedersachsen",9,24,2023
"Niedersachsen",4,25,2023
"Niedersachsen",5,26,2023
"Niedersachsen",2,27,2023
"Niedersachsen",1,28,2023
"Niedersachsen",3,29,2023
"Niedersachsen",3,30,2023
"Niedersachsen",2,31,2023
"Niedersachsen",6,32,2023
"Niedersachsen",6,33,2023
"Niedersachsen",3,34,2023
"Niedersachsen",1,35,2023
"Niedersachsen",1,36,2023
"Niedersachsen",3,37,2023
"Niedersachsen",4,38,2023
"Niedersachsen",3,39,2023
"Niedersachsen",1,40,2023
"Niedersachsen",8,41,2023
"Niedersachsen",16,42,2023
"Niedersachsen",11,43,2023
"Niedersachsen",15,44,2023
"Niedersachsen",12,45,2023
"Niedersachsen",13,46,2023
"Niedersachsen",25,47,2023
"Niedersachsen",23,48,2023
"Niedersachsen",63,49,2023
"Niedersachsen",147,50,2023
"Niedersachsen",201,51,2023
"Niedersachsen",167,52,2023
"Nordrhein.Westfalen",2253,1,2023
"Nordrhein.Westfalen",842,2,2023
"Nordrhein.Westfalen",434,3,2023
"Nordrhein.Westfalen",270,4,2023
"Nordrhein.Westfalen",352,5,2023
"Nordrhein.Westfalen",493,6,2023
"Nordrhein.Westfalen",516,7,2023
"Nordrhein.Westfalen",585,8,2023
"Nordrhein.Westfalen",639,9,2023
"Nordrhein.Westfalen",763,10,2023
"Nordrhein.Westfalen",868,11,2023
"Nordrhein.Westfalen",915,12,2023
"Nordrhein.Westfalen",652,13,2023
"Nordrhein.Westfalen",359,14,2023
"Nordrhein.Westfalen",238,15,2023
"Nordrhein.Westfalen",181,16,2023
"Nordrhein.Westfalen",105,17,2023
"Nordrhein.Westfalen",75,18,2023
"Nordrhein.Westfalen",80,19,2023
"Nordrhein.Westfalen",48,20,2023
"Nordrhein.Westfalen",31,21,2023
"Nordrhein.Westfalen",22,22,2023
"Nordrhein.Westfalen",18,23,2023
"Nordrhein.Westfalen",8,24,2023
"Nordrhein.Westfalen",10,25,2023
"Nordrhein.Westfalen",10,26,2023
"Nordrhein.Westfalen",4,27,2023
"Nordrhein.Westfalen",7,28,2023
"Nordrhein.Westfalen",5,29,2023
"Nordrhein.Westfalen",10,30,2023
"Nordrhein.Westfalen",9,31,2023
"Nordrhein.Westfalen",9,32,2023
"Nordrhein.Westfalen",7,33,2023
"Nordrhein.Westfalen",14,34,2023
"Nordrhein.Westfalen",12,35,2023
"Nordrhein.Westfalen",8,36,2023
"Nordrhein.Westfalen",14,37,2023
"Nordrhein.Westfalen",15,38,2023
"Nordrhein.Westfalen",18,39,2023
"Nordrhein.Westfalen",13,40,2023
"Nordrhein.Westfalen",25,41,2023
"Nordrhein.Westfalen",26,42,2023
"Nordrhein.Westfalen",38,43,2023
"Nordrhein.Westfalen",50,44,2023
"Nordrhein.Westfalen",68,45,2023
"Nordrhein.Westfalen",92,46,2023
"Nordrhein.Westfalen",102,47,2023
"Nordrhein.Westfalen",140,48,2023
"Nordrhein.Westfalen",300,49,2023
"Nordrhein.Westfalen",697,50,2023
"Nordrhein.Westfalen",1055,51,2023
"Nordrhein.Westfalen",704,52,2023
"Rheinland.Pfalz",1056,1,2023
"Rheinland.Pfalz",331,2,2023
"Rheinland.Pfalz",101,3,2023
"Rheinland.Pfalz",87,4,2023
"Rheinland.Pfalz",81,5,2023
"Rheinland.Pfalz",135,6,2023
"Rheinland.Pfalz",184,7,2023
"Rheinland.Pfalz",133,8,2023
"Rheinland.Pfalz",177,9,2023
"Rheinland.Pfalz",211,10,2023
"Rheinland.Pfalz",235,11,2023
"Rheinland.Pfalz",210,12,2023
"Rheinland.Pfalz",153,13,2023
"Rheinland.Pfalz",78,14,2023
"Rheinland.Pfalz",55,15,2023
"Rheinland.Pfalz",50,16,2023
"Rheinland.Pfalz",26,17,2023
"Rheinland.Pfalz",33,18,2023
"Rheinland.Pfalz",17,19,2023
"Rheinland.Pfalz",15,20,2023
"Rheinland.Pfalz",7,21,2023
"Rheinland.Pfalz",3,22,2023
"Rheinland.Pfalz",2,23,2023
"Rheinland.Pfalz",4,24,2023
"Rheinland.Pfalz",2,25,2023
"Rheinland.Pfalz",2,26,2023
"Rheinland.Pfalz",3,27,2023
"Rheinland.Pfalz",1,28,2023
"Rheinland.Pfalz",4,29,2023
"Rheinland.Pfalz",1,30,2023
"Rheinland.Pfalz",NA,31,2023
"Rheinland.Pfalz",NA,32,2023
"Rheinland.Pfalz",3,33,2023
"Rheinland.Pfalz",2,34,2023
"Rheinland.Pfalz",2,35,2023
"Rheinland.Pfalz",7,36,2023
"Rheinland.Pfalz",3,37,2023
"Rheinland.Pfalz",4,38,2023
"Rheinland.Pfalz",2,39,2023
"Rheinland.Pfalz",2,40,2023
"Rheinland.Pfalz",5,41,2023
"Rheinland.Pfalz",6,42,2023
"Rheinland.Pfalz",7,43,2023
"Rheinland.Pfalz",9,44,2023
"Rheinland.Pfalz",15,45,2023
"Rheinland.Pfalz",12,46,2023
"Rheinland.Pfalz",17,47,2023
"Rheinland.Pfalz",26,48,2023
"Rheinland.Pfalz",57,49,2023
"Rheinland.Pfalz",137,50,2023
"Rheinland.Pfalz",162,51,2023
"Rheinland.Pfalz",186,52,2023
"Saarland",198,1,2023
"Saarland",49,2,2023
"Saarland",19,3,2023
"Saarland",16,4,2023
"Saarland",16,5,2023
"Saarland",13,6,2023
"Saarland",6,7,2023
"Saarland",14,8,2023
"Saarland",12,9,2023
"Saarland",17,10,2023
"Saarland",17,11,2023
"Saarland",17,12,2023
"Saarland",31,13,2023
"Saarland",23,14,2023
"Saarland",11,15,2023
"Saarland",13,16,2023
"Saarland",5,17,2023
"Saarland",6,18,2023
"Saarland",6,19,2023
"Saarland",NA,20,2023
"Saarland",2,21,2023
"Saarland",2,22,2023
"Saarland",NA,23,2023
"Saarland",1,24,2023
"Saarland",NA,25,2023
"Saarland",NA,26,2023
"Saarland",NA,27,2023
"Saarland",NA,28,2023
"Saarland",NA,29,2023
"Saarland",2,30,2023
"Saarland",NA,31,2023
"Saarland",NA,32,2023
"Saarland",1,33,2023
"Saarland",NA,34,2023
"Saarland",NA,35,2023
"Saarland",NA,36,2023
"Saarland",NA,37,2023
"Saarland",1,38,2023
"Saarland",NA,39,2023
"Saarland",NA,40,2023
"Saarland",NA,41,2023
"Saarland",1,42,2023
"Saarland",3,43,2023
"Saarland",2,44,2023
"Saarland",4,45,2023
"Saarland",8,46,2023
"Saarland",6,47,2023
"Saarland",10,48,2023
"Saarland",8,49,2023
"Saarland",26,50,2023
"Saarland",27,51,2023
"Saarland",27,52,2023
"Sachsen",1661,1,2023
"Sachsen",542,2,2023
"Sachsen",231,3,2023
"Sachsen",176,4,2023
"Sachsen",145,5,2023
"Sachsen",129,6,2023
"Sachsen",87,7,2023
"Sachsen",108,8,2023
"Sachsen",97,9,2023
"Sachsen",119,10,2023
"Sachsen",152,11,2023
"Sachsen",194,12,2023
"Sachsen",136,13,2023
"Sachsen",115,14,2023
"Sachsen",68,15,2023
"Sachsen",73,16,2023
"Sachsen",76,17,2023
"Sachsen",44,18,2023
"Sachsen",49,19,2023
"Sachsen",24,20,2023
"Sachsen",21,21,2023
"Sachsen",20,22,2023
"Sachsen",13,23,2023
"Sachsen",14,24,2023
"Sachsen",4,25,2023
"Sachsen",4,26,2023
"Sachsen",1,27,2023
"Sachsen",4,28,2023
"Sachsen",1,29,2023
"Sachsen",3,30,2023
"Sachsen",3,31,2023
"Sachsen",8,32,2023
"Sachsen",1,33,2023
"Sachsen",4,34,2023
"Sachsen",2,35,2023
"Sachsen",33,36,2023
"Sachsen",20,37,2023
"Sachsen",6,38,2023
"Sachsen",11,39,2023
"Sachsen",5,40,2023
"Sachsen",11,41,2023
"Sachsen",19,42,2023
"Sachsen",23,43,2023
"Sachsen",28,44,2023
"Sachsen",24,45,2023
"Sachsen",40,46,2023
"Sachsen",28,47,2023
"Sachsen",51,48,2023
"Sachsen",147,49,2023
"Sachsen",356,50,2023
"Sachsen",552,51,2023
"Sachsen",403,52,2023
"Sachsen.Anhalt",560,1,2023
"Sachsen.Anhalt",235,2,2023
"Sachsen.Anhalt",54,3,2023
"Sachsen.Anhalt",48,4,2023
"Sachsen.Anhalt",68,5,2023
"Sachsen.Anhalt",59,6,2023
"Sachsen.Anhalt",67,7,2023
"Sachsen.Anhalt",55,8,2023
"Sachsen.Anhalt",70,9,2023
"Sachsen.Anhalt",62,10,2023
"Sachsen.Anhalt",101,11,2023
"Sachsen.Anhalt",106,12,2023
"Sachsen.Anhalt",46,13,2023
"Sachsen.Anhalt",39,14,2023
"Sachsen.Anhalt",25,15,2023
"Sachsen.Anhalt",36,16,2023
"Sachsen.Anhalt",25,17,2023
"Sachsen.Anhalt",26,18,2023
"Sachsen.Anhalt",25,19,2023
"Sachsen.Anhalt",14,20,2023
"Sachsen.Anhalt",10,21,2023
"Sachsen.Anhalt",6,22,2023
"Sachsen.Anhalt",4,23,2023
"Sachsen.Anhalt",2,24,2023
"Sachsen.Anhalt",2,25,2023
"Sachsen.Anhalt",1,26,2023
"Sachsen.Anhalt",1,27,2023
"Sachsen.Anhalt",1,28,2023
"Sachsen.Anhalt",1,29,2023
"Sachsen.Anhalt",1,30,2023
"Sachsen.Anhalt",1,31,2023
"Sachsen.Anhalt",3,32,2023
"Sachsen.Anhalt",4,33,2023
"Sachsen.Anhalt",8,34,2023
"Sachsen.Anhalt",2,35,2023
"Sachsen.Anhalt",NA,36,2023
"Sachsen.Anhalt",2,37,2023
"Sachsen.Anhalt",1,38,2023
"Sachsen.Anhalt",1,39,2023
"Sachsen.Anhalt",5,40,2023
"Sachsen.Anhalt",3,41,2023
"Sachsen.Anhalt",4,42,2023
"Sachsen.Anhalt",4,43,2023
"Sachsen.Anhalt",9,44,2023
"Sachsen.Anhalt",29,45,2023
"Sachsen.Anhalt",14,46,2023
"Sachsen.Anhalt",39,47,2023
"Sachsen.Anhalt",52,48,2023
"Sachsen.Anhalt",109,49,2023
"Sachsen.Anhalt",274,50,2023
"Sachsen.Anhalt",417,51,2023
"Sachsen.Anhalt",151,52,2023
"Schleswig.Holstein",319,1,2023
"Schleswig.Holstein",124,2,2023
"Schleswig.Holstein",56,3,2023
"Schleswig.Holstein",39,4,2023
"Schleswig.Holstein",23,5,2023
"Schleswig.Holstein",23,6,2023
"Schleswig.Holstein",23,7,2023
"Schleswig.Holstein",30,8,2023
"Schleswig.Holstein",30,9,2023
"Schleswig.Holstein",34,10,2023
"Schleswig.Holstein",58,11,2023
"Schleswig.Holstein",65,12,2023
"Schleswig.Holstein",44,13,2023
"Schleswig.Holstein",29,14,2023
"Schleswig.Holstein",26,15,2023
"Schleswig.Holstein",23,16,2023
"Schleswig.Holstein",24,17,2023
"Schleswig.Holstein",16,18,2023
"Schleswig.Holstein",10,19,2023
"Schleswig.Holstein",6,20,2023
"Schleswig.Holstein",8,21,2023
"Schleswig.Holstein",9,22,2023
"Schleswig.Holstein",3,23,2023
"Schleswig.Holstein",NA,24,2023
"Schleswig.Holstein",1,25,2023
"Schleswig.Holstein",4,26,2023
"Schleswig.Holstein",2,27,2023
"Schleswig.Holstein",3,28,2023
"Schleswig.Holstein",NA,29,2023
"Schleswig.Holstein",NA,30,2023
"Schleswig.Holstein",1,31,2023
"Schleswig.Holstein",3,32,2023
"Schleswig.Holstein",4,33,2023
"Schleswig.Holstein",3,34,2023
"Schleswig.Holstein",3,35,2023
"Schleswig.Holstein",3,36,2023
"Schleswig.Holstein",3,37,2023
"Schleswig.Holstein",3,38,2023
"Schleswig.Holstein",4,39,2023
"Schleswig.Holstein",6,40,2023
"Schleswig.Holstein",5,41,2023
"Schleswig.Holstein",2,42,2023
"Schleswig.Holstein",6,43,2023
"Schleswig.Holstein",2,44,2023
"Schleswig.Holstein",8,45,2023
"Schleswig.Holstein",9,46,2023
"Schleswig.Holstein",6,47,2023
"Schleswig.Holstein",47,48,2023
"Schleswig.Holstein",30,49,2023
"Schleswig.Holstein",104,50,2023
"Schleswig.Holstein",119,51,2023
"Schleswig.Holstein",114,52,2023
"ThÃ.ringen",662,1,2023
"ThÃ.ringen",190,2,2023
"ThÃ.ringen",94,3,2023
"ThÃ.ringen",52,4,2023
"ThÃ.ringen",57,5,2023
"ThÃ.ringen",37,6,2023
"ThÃ.ringen",28,7,2023
"ThÃ.ringen",41,8,2023
"ThÃ.ringen",50,9,2023
"ThÃ.ringen",65,10,2023
"ThÃ.ringen",60,11,2023
"ThÃ.ringen",54,12,2023
"ThÃ.ringen",65,13,2023
"ThÃ.ringen",33,14,2023
"ThÃ.ringen",22,15,2023
"ThÃ.ringen",14,16,2023
"ThÃ.ringen",18,17,2023
"ThÃ.ringen",5,18,2023
"ThÃ.ringen",14,19,2023
"ThÃ.ringen",6,20,2023
"ThÃ.ringen",10,21,2023
"ThÃ.ringen",4,22,2023
"ThÃ.ringen",3,23,2023
"ThÃ.ringen",3,24,2023
"ThÃ.ringen",3,25,2023
"ThÃ.ringen",NA,26,2023
"ThÃ.ringen",2,27,2023
"ThÃ.ringen",1,28,2023
"ThÃ.ringen",NA,29,2023
"ThÃ.ringen",1,30,2023
"ThÃ.ringen",NA,31,2023
"ThÃ.ringen",1,32,2023
"ThÃ.ringen",4,33,2023
"ThÃ.ringen",NA,34,2023
"ThÃ.ringen",NA,35,2023
"ThÃ.ringen",NA,36,2023
"ThÃ.ringen",2,37,2023
"ThÃ.ringen",2,38,2023
"ThÃ.ringen",2,39,2023
"ThÃ.ringen",3,40,2023
"ThÃ.ringen",4,41,2023
"ThÃ.ringen",6,42,2023
"ThÃ.ringen",13,43,2023
"ThÃ.ringen",2,44,2023
"ThÃ.ringen",12,45,2023
"ThÃ.ringen",12,46,2023
"ThÃ.ringen",10,47,2023
"ThÃ.ringen",29,48,2023
"ThÃ.ringen",41,49,2023
"ThÃ.ringen",127,50,2023
"ThÃ.ringen",208,51,2023
"ThÃ.ringen",156,52,2023
